node,pagerank,rank,degree
n9,0.10595746924665769,1,6
n6,0.08011496134144241,2,7
n1,0.06634479072530573,3,5
n2,0.06634479072530573,3,5
n3,0.06634479072530573,3,5
n4,0.06634479072530573,3,5
n5,0.06634479072530573,3,5
n8,0.06405466708807087,8,2
n7,0.063187515869876,9,2
n10,0.05931560339783103,10,1
n11,0.05931560339783103,10,1
n12,0.05931560339783103,10,1
n13,0.05931560339783103,10,1
n14,0.05931560339783103,10,1
n15,0.058383415838269156,15,1
