node,katz,rank,degree
n6,0.3177933766408577,1,7
n1,0.2858391829069883,2,5
n2,0.2858391829069883,2,5
n3,0.2858391829069883,2,5
n4,0.28583918290698823,2,5
n5,0.2858391829069883,2,5
n9,0.14983377160646966,7,6
n7,0.13064647879687047,8,2
n15,0.11433567316279533,9,1
n8,0.10873870422716769,10,2
n10,0.08914173240763709,11,1
n11,0.0891417324076371,11,1
n12,0.0891417324076371,11,1
n13,0.08914173240763712,11,1
n14,0.08914173240763712,11,1
